time,close
2008/11/17,210.57 
2008/11/18,196.15 
2008/11/19,182.96 
2008/11/20,170.19 
2008/11/21,179.25 
2008/11/24,166.89 
2008/11/25,169.78 
2008/11/26,181.31 
2008/11/27,177.19 
2008/11/28,170.19 
2008/12/01,164.83 
2008/12/02,153.29 
2008/12/03,142.58 
2008/12/04,142.99 
2008/12/05,137.63 
2008/12/08,147.11 
2008/12/09,147.11 
2008/12/10,157.00 
2008/12/11,167.71 
2008/12/12,166.89 
2008/12/15,178.43 
2008/12/16,179.66 
2008/12/17,171.42 
2008/12/18,177.19 
2008/12/19,180.49 
2008/12/22,178.84 
2008/12/23,168.95 
2008/12/24,171.42 
2008/12/25,164.83 
2008/12/26,157.82 
2008/12/29,158.24 
2008/12/30,168.95 
2008/12/31,167.71 
2009/01/05,174.72 
2009/01/06,181.31 
2009/01/07,191.20 
2009/01/08,178.02 
2009/01/09,177.19 
2009/01/10,173.48 
2009/01/12,174.31 
2009/01/13,180.90 
2009/01/14,178.02 
2009/01/15,169.36 
2009/01/16,173.07 
2009/01/17,173.07 
2009/01/19,173.07 
2009/01/20,164.83 
2009/01/21,160.71 
2009/02/02,164.42 
2009/02/03,170.60 
2009/02/04,170.60 
2009/02/05,167.30 
2009/02/06,178.84 
2009/02/09,184.61 
2009/02/10,189.14 
2009/02/11,189.55 
2009/02/12,183.79 
2009/02/13,195.32 
2009/02/16,199.44 
2009/02/17,189.97 
2009/02/18,195.32 
2009/02/19,205.63 
2009/02/20,198.62 
2009/02/23,200.27 
2009/02/24,196.15 
2009/02/25,197.80 
2009/02/26,201.92 
2009/02/27,205.21 
2009/03/02,194.50 
2009/03/03,192.03 
2009/03/04,199.03 
2009/03/05,203.57 
2009/03/06,207.69 
2009/03/09,206.04 
2009/03/10,206.04 
2009/03/11,207.69 
2009/03/12,215.52 
2009/03/13,230.35 
2009/03/16,227.47 
2009/03/17,230.76 
2009/03/18,226.64 
2009/03/19,226.64 
2009/03/20,222.93 
2009/03/23,230.76 
2009/03/24,227.47 
2009/03/25,236.53 
2009/03/26,243.95 
2009/03/27,238.59 
2009/03/30,227.47 
2009/03/31,234.06 
2009/04/01,232.41 
2009/04/02,232.41 
2009/04/03,226.23 
2009/04/06,210.57 
2009/04/07,209.33 
2009/04/08,210.16 
2009/04/09,218.40 
2009/04/10,213.46 
2009/04/13,212.22 
2009/04/14,215.10 
2009/04/15,213.46 
2009/04/16,220.05 
2009/04/17,215.93 
2009/04/20,217.16 
2009/04/21,221.28 
2009/04/22,217.16 
2009/04/23,214.28 
2009/04/24,210.98 
2009/04/27,209.33 
2009/04/28,210.98 
2009/04/29,207.27 
2009/04/30,219.22 
2009/05/04,226.64 
2009/05/05,221.28 
2009/05/06,236.53 
2009/05/07,253.01 
2009/05/08,262.49 
2009/05/11,262.49 
2009/05/12,268.67 
2009/05/13,268.67 
2009/05/14,262.08 
2009/05/15,267.44 
2009/05/18,266.20 
2009/05/19,267.02 
2009/05/20,269.50 
2009/05/21,288.04 
2009/05/22,304.94 
2009/05/25,293.40 
2009/05/26,273.62 
2009/05/27,292.57 
2009/06/01,288.86 
2009/06/02,279.39 
2009/06/03,286.80 
2009/06/04,296.69 
2009/06/05,293.81 
2009/06/06,305.76 
2009/06/08,319.77 
2009/06/09,304.94 
2009/06/10,325.95 
2009/06/11,324.72 
2009/06/12,310.70 
2009/06/15,289.28 
2009/06/16,273.21 
2009/06/17,267.85 
2009/06/18,272.79 
2009/06/19,282.27 
2009/06/22,285.98 
2009/06/23,276.09 
2009/06/24,281.45 
2009/06/25,284.33 
2009/06/26,285.98 
2009/06/29,283.10 
2009/06/30,285.98 
2009/07/01,293.40 
2009/07/02,298.34 
2009/07/03,300.82 
2009/07/06,309.06 
2009/07/07,324.30 
2009/07/08,318.12 
2009/07/09,329.66 
2009/07/10,330.90 
2009/07/13,321.42 
2009/07/14,343.67 
2009/07/15,346.56 
2009/07/16,347.38 
2009/07/17,344.50 
2009/07/20,344.50 
2009/07/21,343.26 
2009/07/22,346.14 
2009/07/23,346.97 
2009/07/24,346.14 
2009/07/27,365.92 
2009/07/28,376.64 
2009/07/29,351.91 
2009/07/30,348.62 
2009/07/31,346.56 
2009/08/03,341.61 
2009/08/04,334.61 
2009/08/05,331.31 
2009/08/06,337.90 
2009/08/10,351.56 
2009/08/11,373.53 
2009/08/12,369.65 
2009/08/13,369.65 
2009/08/14,367.93 
2009/08/17,351.56 
2009/08/18,336.91 
2009/08/19,336.91 
2009/08/20,333.03 
2009/08/21,318.39 
2009/08/24,333.90 
2009/08/25,328.29 
2009/08/26,320.54 
2009/08/27,324.85 
2009/08/28,342.94 
2009/08/31,344.67 
2009/09/01,359.75 
2009/09/02,360.18 
2009/09/03,358.45 
2009/09/04,359.31 
2009/09/07,360.61 
2009/09/08,362.76 
2009/09/09,349.84 
2009/09/10,344.67 
2009/09/11,343.80 
2009/09/14,347.68 
2009/09/15,348.97 
2009/09/16,353.28 
2009/09/17,347.68 
2009/09/18,349.41 
2009/09/21,349.41 
2009/09/22,347.25 
2009/09/23,361.90 
2009/09/24,357.59 
2009/09/25,362.76 
2009/09/28,357.59 
2009/09/29,358.88 
2009/09/30,363.62 
2009/10/01,363.62 
2009/10/02,358.45 
2009/10/05,359.31 
2009/10/06,354.14 
2009/10/07,342.08 
2009/10/08,334.33 
2009/10/09,338.63 
2009/10/12,337.77 
2009/10/13,337.77 
2009/10/14,339.50 
2009/10/15,344.67 
2009/10/16,344.67 
2009/10/19,344.67 
2009/10/20,345.53 
2009/10/21,339.50 
2009/10/22,325.71 
2009/10/23,320.97 
2009/10/26,323.56 
2009/10/27,337.77 
2009/10/28,331.74 
2009/10/29,329.59 
2009/10/30,326.57 
2009/11/02,326.57 
2009/11/03,319.25 
2009/11/04,328.29 
2009/11/05,327.00 
2009/11/06,324.85 
2009/11/09,327.43 
2009/11/10,333.46 
2009/11/11,334.33 
2009/11/12,333.46 
2009/11/13,333.90 
2009/11/16,333.90 
2009/11/17,328.29 
2009/11/18,329.16 
2009/11/19,331.74 
2009/11/20,327.43 
2009/11/23,327.43 
2009/11/24,328.29 
2009/11/25,329.59 
2009/11/26,339.07 
2009/11/27,330.88 
2009/11/30,332.60 
2009/12/01,334.33 
2009/12/02,330.88 
2009/12/03,342.51 
2009/12/04,358.45 
2009/12/07,361.90 
2009/12/08,366.21 
2009/12/09,366.21 
2009/12/10,356.73 
2009/12/11,361.04 
2009/12/14,357.59 
2009/12/15,358.45 
2009/12/16,367.07 
2009/12/17,365.35 
2009/12/18,361.90 
2009/12/21,357.59 
2009/12/22,358.45 
2009/12/23,355.01 
2009/12/24,352.85 
2009/12/25,355.01 
2009/12/28,358.02 
2009/12/29,360.61 
2009/12/30,363.62 
2009/12/31,362.76 
2010/01/04,358.45 
2010/01/05,351.99 
2010/01/06,351.13 
2010/01/07,345.53 
2010/01/08,342.51 
2010/01/11,343.80 
2010/01/12,346.39 
2010/01/13,344.67 
2010/01/14,353.28 
2010/01/15,359.31 
2010/01/18,366.21 
2010/01/19,350.70 
2010/01/20,356.30 
2010/01/21,352.42 
2010/01/22,347.68 
2010/01/25,351.99 
2010/01/26,336.91 
2010/01/27,344.24 
2010/01/28,359.31 
2010/01/29,359.31 
2010/02/01,351.13 
2010/02/02,355.87 
2010/02/03,367.07 
2010/02/04,370.52 
2010/02/05,355.87 
2010/02/06,355.01 
2010/02/08,355.01 
2010/02/09,352.42 
2010/02/10,356.73 
2010/02/22,361.04 
2010/02/23,370.09 
2010/02/24,362.76 
2010/02/25,360.61 
2010/02/26,356.30 
2010/03/01,364.48 
2010/03/02,364.92 
2010/03/03,365.35 
2010/03/04,363.19 
2010/03/05,363.19 
2010/03/08,369.65 
2010/03/09,367.93 
2010/03/10,377.41 
2010/03/11,373.96 
2010/03/12,375.69 
2010/03/15,380.43 
2010/03/16,383.44 
2010/03/17,380.86 
2010/03/18,387.75 
2010/03/19,386.89 
2010/03/22,383.87 
2010/03/23,384.30 
2010/03/24,380.86 
2010/03/25,373.96 
2010/03/26,379.13 
2010/03/29,381.29 
2010/03/30,392.92 
2010/03/31,411.45 
2010/04/01,414.03 
2010/04/02,411.01 
2010/04/06,436.00 
2010/04/07,423.94 
2010/04/08,412.31 
2010/04/09,419.63 
2010/04/12,414.46 
2010/04/13,409.72 
2010/04/14,422.22 
2010/04/15,424.80 
2010/04/16,429.97 
2010/04/19,430.83 
2010/04/20,423.94 
2010/04/21,419.63 
2010/04/22,429.11 
2010/04/23,442.90 
2010/04/26,443.76 
2010/04/27,448.07 
2010/04/28,445.48 
2010/04/29,446.34 
2010/04/30,448.07 
2010/05/03,452.37 
2010/05/04,445.48 
2010/05/05,416.18 
2010/05/06,421.35 
2010/05/07,442.90 
2010/05/10,445.48 
2010/05/11,436.00 
2010/05/12,426.96 
2010/05/13,438.59 
2010/05/14,443.76 
2010/05/17,441.17 
2010/05/18,437.73 
2010/05/19,426.52 
2010/05/20,414.46 
2010/05/21,406.28 
2010/05/24,417.05 
2010/05/25,414.03 
2010/05/26,414.89 
2010/05/27,419.20 
2010/05/28,442.90 
2010/05/31,456.68 
2010/06/01,450.65 
2010/06/02,446.34 
2010/06/03,454.10 
2010/06/04,453.24 
2010/06/07,446.34 
2010/06/08,444.62 
2010/06/09,433.42 
2010/06/10,435.14 
2010/06/11,448.07 
2010/06/14,451.51 
2010/06/15,452.37 
2010/06/17,442.03 
2010/06/18,452.37 
2010/06/21,459.27 
2010/06/22,459.27 
2010/06/23,457.54 
2010/06/24,465.30 
2010/06/25,457.54 
2010/06/28,452.37 
2010/06/29,455.82 
2010/06/30,444.62 
2010/07/01,450.65 
2010/07/02,441.17 
2010/07/05,471.33 
2010/07/06,470.47 
2010/07/07,490.29 
2010/07/08,498.90 
2010/07/09,489.43 
2010/07/12,489.43 
2010/07/13,506.66 
2010/07/14,513.55 
2010/07/15,504.07 
2010/07/16,485.98 
2010/07/19,479.09 
2010/07/20,497.18 
2010/07/21,483.39 
2010/07/22,494.60 
2010/07/23,516.14 
2010/07/26,509.24 
2010/07/27,505.80 
2010/07/28,502.35 
2010/07/29,529.06 
2010/07/30,527.34 
2010/08/02,559.22 
2010/08/03,520.45 
2010/08/04,521.31 
2010/08/05,528.20 
2010/08/06,516.81 
2010/08/09,514.18 
2010/08/10,506.30 
2010/08/11,493.16 
2010/08/12,500.17 
2010/08/13,501.92 
2010/08/16,534.33 
2010/08/17,530.83 
2010/08/18,538.71 
2010/08/19,525.57 
2010/08/20,529.95 
2010/08/23,530.83 
2010/08/24,525.57 
2010/08/25,522.94 
2010/08/26,523.82 
2010/08/27,534.33 
2010/08/30,538.71 
2010/08/31,506.30 
2010/09/01,529.08 
2010/09/02,536.96 
2010/09/03,541.34 
2010/09/06,548.35 
2010/09/07,551.85 
2010/09/08,547.47 
2010/09/09,555.35 
2010/09/10,547.47 
2010/09/13,585.14 
2010/09/14,577.25 
2010/09/15,565.87 
2010/09/16,556.23 
2010/09/17,556.23 
2010/09/20,553.60 
2010/09/21,556.23 
2010/09/23,557.11 
2010/09/24,543.09 
2010/09/27,552.73 
2010/09/28,529.08 
2010/09/29,531.70 
2010/09/30,521.19 
2010/10/01,534.33 
2010/10/04,520.32 
2010/10/05,520.32 
2010/10/06,531.70 
2010/10/07,525.57 
2010/10/08,526.45 
2010/10/11,523.82 
2010/10/12,508.93 
2010/10/13,475.64 
2010/10/14,480.90 
2010/10/15,473.02 
2010/10/18,473.02 
2010/10/19,490.53 
2010/10/20,518.56 
2010/10/21,531.70 
2010/10/22,541.34 
2010/10/25,534.33 
2010/10/26,527.32 
2010/10/27,506.30 
2010/10/28,540.46 
2010/10/29,531.70 
2010/11/01,538.71 
2010/11/02,535.21 
2010/11/03,527.32 
2010/11/04,534.33 
2010/11/05,544.84 
2010/11/08,532.58 
2010/11/09,531.70 
2010/11/10,536.08 
2010/11/11,529.95 
2010/11/12,528.20 
2010/11/15,529.08 
2010/11/16,534.33 
2010/11/17,530.83 
2010/11/18,529.95 
2010/11/19,534.33 
2010/11/22,537.84 
2010/11/23,529.95 
2010/11/24,529.95 
2010/11/25,532.58 
2010/11/26,541.34 
2010/11/29,572.00 
2010/11/30,592.14 
2010/12/01,594.77 
2010/12/02,626.31 
2010/12/03,642.07 
2010/12/06,634.19 
2010/12/07,613.17 
2010/12/08,618.42 
2010/12/09,609.66 
2010/12/10,612.29 
2010/12/13,617.55 
2010/12/14,611.42 
2010/12/15,616.67 
2010/12/16,600.03 
2010/12/17,600.03 
2010/12/20,604.41 
2010/12/21,626.31 
2010/12/22,650.83 
2010/12/23,643.83 
2010/12/24,642.07 
2010/12/27,627.18 
2010/12/28,632.44 
2010/12/29,617.55 
2010/12/30,637.69 
2010/12/31,635.07 
2011/01/03,642.95 
2011/01/04,652.59 
2011/01/05,645.58 
2011/01/06,652.59 
2011/01/07,656.97 
2011/01/10,687.62 
2011/01/11,711.27 
2011/01/12,695.51 
2011/01/13,699.01 
2011/01/14,713.90 
2011/01/17,691.13 
2011/01/18,696.38 
2011/01/19,715.65 
2011/01/20,675.36 
2011/01/21,668.35 
2011/01/24,668.35 
2011/01/25,685.00 
2011/01/26,698.14 
2011/01/27,692.88 
2011/01/28,697.26 
2011/02/08,677.99 
2011/02/09,687.62 
2011/02/10,678.86 
2011/02/11,660.47 
2011/02/14,686.75 
2011/02/15,695.51 
2011/02/16,689.38 
2011/02/17,687.62 
2011/02/18,698.14 
2011/02/21,696.38 
2011/02/22,683.24 
2011/02/23,661.35 
2011/02/24,683.24 
2011/02/25,710.40 
2011/03/01,720.91 
2011/03/02,722.66 
2011/03/03,769.09 
2011/03/04,748.06 
2011/03/07,746.31 
2011/03/08,740.18 
2011/03/09,713.90 
2011/03/10,701.64 
2011/03/11,680.62 
2011/03/14,692.88 
2011/03/15,646.45 
2011/03/16,670.10 
2011/03/17,665.73 
2011/03/18,685.00 
2011/03/21,680.62 
2011/03/22,694.63 
2011/03/23,688.50 
2011/03/24,686.75 
2011/03/25,692.00 
2011/03/28,682.37 
2011/03/29,677.11 
2011/03/30,690.25 
2011/03/31,697.26 
2011/04/01,737.55 
2011/04/06,739.31 
2011/04/07,741.93 
2011/04/08,714.78 
2011/04/11,744.56 
2011/04/12,727.04 
2011/04/13,732.30 
2011/04/14,741.93 
2011/04/15,746.31 
2011/04/18,753.32 
2011/04/19,759.45 
2011/04/20,787.48 
2011/04/21,806.75 
2011/04/22,811.13 
2011/04/25,812.89 
2011/04/26,795.37 
2011/04/27,799.75 
2011/04/28,803.25 
2011/04/29,796.24 
2011/05/03,778.72 
2011/05/04,800.62 
2011/05/05,817.27 
2011/05/06,797.12 
2011/05/09,796.24 
2011/05/10,783.98 
2011/05/11,783.98 
2011/05/12,785.73 
2011/05/13,783.98 
2011/05/16,769.09 
2011/05/17,755.07 
2011/05/18,755.07 
2011/05/19,781.35 
2011/05/20,788.36 
2011/05/23,796.24 
2011/05/24,786.61 
2011/05/25,777.85 
2011/05/26,788.36 
2011/05/27,780.48 
2011/05/30,790.11 
2011/05/31,826.02 
2011/06/01,862.81 
2011/06/02,856.68 
2011/06/03,858.43 
2011/06/07,863.69 
2011/06/08,862.81 
2011/06/09,865.44 
2011/06/10,841.79 
2011/06/13,821.64 
2011/06/14,850.55 
2011/06/15,816.39 
2011/06/16,786.61 
2011/06/17,801.50 
2011/06/20,788.36 
2011/06/21,781.35 
2011/06/22,798.87 
2011/06/23,792.74 
2011/06/24,786.61 
2011/06/27,771.72 
2011/06/28,797.12 
2011/06/29,797.12 
2011/06/30,805.88 
2011/07/01,855.81 
2011/07/04,846.17 
2011/07/05,840.92 
2011/07/06,872.45 
2011/07/07,846.17 
2011/07/08,829.53 
2011/07/11,837.41 
2011/07/12,817.27 
2011/07/13,823.40 
2011/07/14,816.39 
2011/07/15,802.37 
2011/07/18,807.63 
2011/07/19,839.16 
2011/07/20,863.69 
2011/07/21,861.06 
2011/07/22,859.31 
2011/07/25,843.54 
2011/07/26,875.08 
2011/07/27,873.33 
2011/07/28,864.57 
2011/07/29,849.68 
2011/08/01,874.20 
2011/08/02,880.33 
2011/08/03,865.44 
2011/08/04,829.48 
2011/08/05,786.85 
2011/08/08,792.18 
2011/08/09,841.91 
2011/08/10,841.91 
2011/08/11,824.15 
2011/08/12,786.85 
2011/08/15,798.39 
2011/08/16,765.53 
2011/08/17,719.35 
2011/08/18,740.67 
2011/08/19,689.16 
2011/08/22,642.98 
2011/08/23,687.38 
2011/08/24,687.38 
2011/08/25,652.75 
2011/08/26,687.38 
2011/08/29,699.81 
2011/08/30,748.66 
2011/08/31,736.23 
2011/09/01,748.66 
2011/09/02,761.09 
2011/09/05,728.23 
2011/09/06,677.61 
2011/09/07,703.37 
2011/09/08,697.15 
2011/09/09,738.00 
2011/09/13,700.70 
2011/09/14,679.39 
2011/09/15,692.71 
2011/09/16,705.14 
2011/09/19,691.82 
2011/09/20,690.93 
2011/09/21,718.46 
2011/09/22,680.28 
2011/09/23,633.21 
2011/09/26,589.69 
2011/09/27,559.50 
2011/09/28,598.57 
2011/09/29,612.78 
2011/09/30,636.76 
2011/10/03,597.68 
2011/10/04,619.89 
2011/10/05,579.03 
2011/10/06,566.60 
2011/10/07,527.53 
2011/10/11,563.94 
2011/10/12,594.13 
2011/10/13,626.10 
2011/10/14,618.11 
2011/10/17,655.41 
2011/10/18,653.63 
2011/10/19,608.34 
2011/10/20,592.36 
2011/10/21,551.50 
2011/10/24,589.69 
2011/10/25,603.90 
2011/10/26,595.02 
2011/10/27,603.01 
2011/10/28,605.68 
2011/10/31,604.79 
2011/11/01,603.90 
2011/11/02,603.90 
2011/11/03,582.59 
2011/11/04,588.80 
2011/11/07,578.15 
2011/11/08,575.48 
2011/11/09,568.38 
2011/11/10,529.30 
2011/11/11,517.76 
2011/11/14,553.28 
2011/11/15,542.62 
2011/11/16,531.08 
2011/11/17,523.09 
2011/11/18,507.99 
2011/11/21,476.90 
2011/11/22,453.81 
2011/11/23,452.04 
2011/11/24,420.51 
2011/11/25,426.28 
2011/11/28,439.16 
2011/11/29,459.14 
2011/11/30,428.50 
2011/12/01,458.25 
2011/12/02,462.69 
2011/12/05,447.60 
2011/12/06,417.40 
2011/12/07,434.28 
2011/12/08,440.49 
2011/12/09,439.60 
2011/12/12,445.82 
2011/12/13,439.60 
2011/12/14,451.15 
2011/12/15,441.38 
2011/12/16,445.82 
2011/12/19,433.39 
2011/12/20,463.58 
2011/12/21,495.55 
2011/12/22,503.55 
2011/12/23,506.21 
2011/12/26,507.99 
2011/12/27,492.89 
2011/12/28,494.67 
2011/12/29,511.54 
2011/12/30,502.66 
2012/01/02,491.11 
2012/01/03,524.86 
2012/01/04,517.76 
2012/01/05,521.31 
2012/01/06,535.52 
2012/01/09,532.85 
2012/01/10,529.30 
2012/01/11,542.62 
2012/01/12,542.62 
2012/01/13,532.85 
2012/01/16,520.42 
2012/01/17,528.41 
2012/01/18,523.09 
2012/01/30,557.72 
2012/01/31,564.83 
2012/02/01,584.36 
2012/02/02,625.22 
2012/02/03,619.00 
2012/02/04,619.00 
2012/02/06,599.46 
2012/02/07,586.14 
2012/02/08,616.33 
2012/02/09,608.34 
2012/02/10,566.60 
2012/02/13,541.73 
2012/02/14,550.62 
2012/02/15,568.38 
2012/02/16,549.73 
2012/02/17,555.94 
2012/02/20,553.28 
2012/02/21,566.60 
2012/02/22,575.48 
2012/02/23,566.60 
2012/02/24,567.49 
2012/02/29,585.25 
2012/03/01,580.81 
2012/03/02,579.92 
2012/03/03,583.48 
2012/03/05,573.71 
2012/03/06,586.14 
2012/03/07,567.49 
2012/03/08,563.94 
2012/03/09,564.83 
2012/03/12,542.62 
2012/03/13,541.73 
2012/03/14,554.17 
2012/03/15,544.40 
2012/03/16,551.50 
2012/03/19,543.51 
2012/03/20,534.63 
2012/03/21,531.97 
2012/03/22,534.63 
2012/03/23,543.51 
2012/03/26,542.62 
2012/03/27,540.85 
2012/03/28,539.96 
2012/03/29,506.21 
2012/03/30,515.09 
2012/04/02,495.55 
2012/04/03,472.46 
2012/04/05,471.58 
2012/04/06,504.44 
2012/04/09,494.67 
2012/04/10,485.79 
2012/04/11,479.57 
2012/04/12,495.55 
2012/04/13,508.88 
2012/04/16,506.21 
2012/04/17,487.56 
2012/04/18,497.33 
2012/04/19,504.44 
2012/04/20,497.33 
2012/04/23,463.58 
2012/04/24,482.23 
2012/04/25,476.90 
2012/04/26,476.02 
2012/04/27,442.71 
2012/04/30,412.07 
2012/05/02,440.49 
2012/05/03,419.18 
2012/05/04,426.28 
2012/05/07,423.62 
2012/05/08,420.51 
2012/05/09,427.17 
2012/05/10,435.16 
2012/05/11,419.18 
2012/05/14,412.96 
2012/05/15,441.82 
2012/05/16,447.60 
2012/05/17,478.68 
2012/05/18,484.01 
2012/05/21,495.55 
2012/05/22,499.11 
2012/05/23,493.78 
2012/05/24,500.88 
2012/05/25,503.55 
2012/05/28,494.67 
2012/05/29,517.76 
2012/05/30,501.77 
2012/05/31,500.88 
2012/06/01,475.13 
2012/06/04,469.80 
2012/06/05,489.34 
2012/06/06,503.55 
2012/06/07,500.88 
2012/06/08,498.22 
2012/06/11,508.88 
2012/06/12,506.21 
2012/06/13,505.32 
2012/06/14,497.33 
2012/06/15,511.54 
2012/06/18,546.18 
2012/06/19,540.85 
2012/06/20,552.39 
2012/06/21,537.29 
2012/06/22,543.51 
2012/06/25,531.97 
2012/06/26,515.98 
2012/06/27,543.51 
2012/06/28,537.29 
2012/06/29,548.84 
2012/07/02,539.07 
2012/07/03,536.41 
2012/07/04,538.18 
2012/07/05,534.63 
2012/07/06,516.87 
2012/07/09,510.65 
2012/07/10,507.10 
2012/07/11,515.09 
2012/07/12,516.87 
2012/07/13,527.53 
2012/07/16,513.32 
2012/07/17,508.88 
2012/07/18,509.76 
2012/07/19,521.31 
2012/07/20,523.97 
2012/07/23,515.98 
2012/07/24,523.09 
2012/07/25,527.53 
2012/07/26,530.19 
2012/07/27,542.62 
2012/07/30,545.29 
2012/07/31,546.18 
2012/08/01,553.28 
2012/08/03,550.62 
2012/08/06,525.75 
2012/08/07,530.19 
2012/08/08,531.08 
2012/08/09,556.67 
2012/08/10,549.36 
2012/08/13,557.59 
2012/08/14,561.24 
2012/08/15,555.76 
2012/08/16,563.98 
2012/08/17,562.16 
2012/08/20,562.16 
2012/08/21,562.16 
2012/08/22,561.24 
2012/08/23,561.24 
2012/08/24,563.07 
2012/08/27,582.27 
2012/08/28,565.81 
2012/08/29,569.47 
2012/08/30,566.73 
2012/08/31,569.47 
2012/09/03,587.75 
2012/09/04,580.44 
2012/09/05,584.09 
2012/09/06,586.84 
2012/09/07,587.75 
2012/09/10,597.80 
2012/09/11,586.84 
2012/09/12,595.06 
2012/09/13,589.58 
2012/09/14,595.98 
2012/09/17,603.29 
2012/09/18,602.37 
2012/09/19,599.63 
2012/09/20,597.80 
2012/09/21,596.89 
2012/09/24,595.98 
2012/09/25,581.35 
2012/09/26,544.79 
2012/09/27,554.84 
2012/09/28,554.84 
2012/10/01,542.05 
2012/10/02,557.59 
2012/10/03,559.41 
2012/10/04,557.59 
2012/10/05,571.30 
2012/10/08,559.41 
2012/10/09,550.27 
2012/10/11,558.50 
2012/10/12,559.41 
2012/10/15,560.33 
2012/10/16,563.98 
2012/10/17,555.76 
2012/10/18,558.50 
2012/10/19,553.01 
2012/10/22,544.79 
2012/10/23,542.05 
2012/10/24,541.13 
2012/10/25,543.87 
2012/10/26,563.07 
2012/10/29,557.59 
2012/10/30,566.73 
2012/10/31,568.55 
2012/11/01,578.61 
2012/11/02,576.78 
2012/11/05,562.16 
2012/11/06,589.58 
2012/11/07,630.71 
2012/11/08,656.31 
2012/11/09,645.34 
2012/11/12,634.37 
2012/11/13,621.57 
2012/11/14,624.31 
2012/11/15,630.71 
2012/11/16,617.00 
2012/11/19,634.37 
2012/11/20,627.05 
2012/11/21,637.11 
2012/11/22,632.54 
2012/11/23,655.39 
2012/11/26,689.21 
2012/11/27,686.47 
2012/11/28,690.13 
2012/11/29,695.61 
2012/11/30,725.77 
2012/12/03,711.15 
2012/12/04,719.38 
2012/12/05,731.26 
2012/12/06,782.45 
2012/12/07,786.10 
2012/12/10,803.47 
2012/12/11,791.59 
2012/12/12,785.19 
2012/12/13,769.65 
2012/12/14,716.63 
2012/12/17,677.33 
2012/12/18,690.13 
2012/12/19,717.55 
2012/12/20,727.60 
2012/12/21,708.41 
2012/12/22,710.24 
2012/12/24,698.35 
2012/12/25,714.81 
2012/12/26,710.24 
2012/12/27,706.58 
2012/12/28,711.15 
2013/01/02,760.51 
2013/01/03,753.20 
2013/01/04,733.09 
2013/01/07,681.90 
2013/01/08,674.59 
2013/01/09,678.24 
2013/01/10,667.27 
2013/01/11,683.73 
2013/01/14,660.88 
2013/01/15,662.70 
2013/01/16,670.93 
2013/01/17,657.22 
2013/01/18,662.70 
2013/01/21,670.93 
2013/01/22,670.93 
2013/01/23,671.84 
2013/01/24,685.56 
2013/01/25,678.24 
2013/01/28,680.99 
2013/01/29,728.52 
2013/01/30,714.81 
2013/01/31,706.58 
2013/02/01,728.52 
2013/02/04,727.60 
2013/02/05,744.06 
2013/02/06,735.83 
2013/02/18,734.92 
2013/02/19,763.25 
2013/02/20,756.85 
2013/02/21,739.49 
2013/02/22,737.66 
2013/02/23,741.31 
2013/02/25,732.17 
2013/02/26,733.09 
2013/02/27,731.26 
2013/03/01,746.80 
2013/03/04,738.57 
2013/03/05,744.97 
2013/03/06,705.67 
2013/03/07,698.35 
2013/03/08,698.35 
2013/03/11,696.52 
2013/03/12,678.24 
2013/03/13,676.41 
2013/03/14,680.99 
2013/03/15,712.06 
2013/03/18,693.78 
2013/03/19,686.47 
2013/03/20,686.47 
2013/03/21,686.47 
2013/03/22,685.56 
2013/03/25,680.99 
2013/03/26,702.92 
2013/03/27,714.81 
2013/03/28,712.98 
2013/03/29,715.72 
2013/04/01,705.67 
2013/04/02,697.44 
2013/04/03,711.15 
2013/04/08,700.18 
2013/04/09,704.75 
2013/04/10,711.15 
2013/04/11,723.03 
2013/04/12,705.67 
2013/04/15,699.27 
2013/04/16,690.13 
2013/04/17,681.90 
2013/04/18,659.96 
2013/04/19,654.48 
2013/04/22,647.16 
2013/04/23,636.20 
2013/04/24,645.34 
2013/04/25,628.88 
2013/04/26,672.76 
2013/04/29,719.38 
2013/04/30,736.74 
2013/05/02,742.23 
2013/05/03,740.40 
2013/05/06,769.65 
2013/05/07,767.82 
2013/05/08,769.65 
2013/05/09,776.96 
2013/05/10,772.39 
2013/05/13,755.94 
2013/05/14,776.96 
2013/05/15,823.58 
2013/05/16,874.77 
2013/05/17,867.46 
2013/05/20,863.80 
2013/05/21,896.71 
2013/05/22,880.25 
2013/05/23,850.09 
2013/05/24,872.94 
2013/05/27,883.00 
2013/05/28,914.07 
2013/05/29,904.93 
2013/05/30,897.62 
2013/05/31,889.39 
2013/06/03,876.60 
2013/06/04,904.93 
2013/06/05,905.85 
2013/06/06,897.62 
2013/06/07,885.74 
2013/06/10,946.07 
2013/06/11,914.07 
2013/06/13,869.28 
2013/06/14,894.88 
2013/06/17,914.07 
2013/06/18,900.36 
2013/06/19,901.28 
2013/06/20,891.22 
2013/06/21,842.78 
2013/06/24,859.23 
2013/06/25,841.86 
2013/06/26,840.95 
2013/06/27,851.92 
2013/06/28,877.51 
2013/07/01,899.45 
2013/07/02,892.14 
2013/07/03,871.11 
2013/07/04,838.21 
2013/07/05,863.80 
2013/07/08,840.95 
2013/07/09,849.17 
2013/07/10,868.37 
2013/07/11,904.93 
2013/07/12,886.65 
2013/07/15,892.14 
2013/07/16,898.53 
2013/07/17,883.00 
2013/07/18,851.92 
2013/07/19,792.50 
2013/07/22,797.99 
2013/07/23,799.81 
2013/07/24,813.53 
2013/07/25,854.66 
2013/07/26,914.07 
2013/07/29,946.07 
2013/07/30,982.63 
2013/07/31,950.64 
2013/08/01,955.21 
2013/08/02,946.07 
2013/08/05,968.92 
2013/08/06,950.64 
2013/08/07,932.36 
2013/08/08,959.78 
2013/08/09,950.64 
2013/08/12,982.63 
2013/08/13,1023.76 
2013/08/14,1010.05 
2013/08/15,982.63 
2013/08/16,991.77 
2013/08/19,991.77 
2013/08/20,964.35 
2013/08/22,987.20 
2013/08/23,965.84 
2013/08/26,984.42 
2013/08/27,921.26 
2013/08/28,942.62 
2013/08/29,947.27 
2013/08/30,970.49 
2013/09/02,965.84 
2013/09/03,975.13 
2013/09/04,961.20 
2013/09/05,975.13 
2013/09/06,937.98 
2013/09/09,937.98 
2013/09/10,937.98 
2013/09/11,877.62 
2013/09/12,874.83 
2013/09/13,872.97 
2013/09/14,868.33 
2013/09/16,928.69 
2013/09/17,919.41 
2013/09/18,914.76 
2013/09/23,924.05 
2013/09/24,937.98 
2013/09/25,942.62 
2013/09/26,917.55 
2013/09/27,923.12 
2013/09/30,924.05 
2013/10/01,924.98 
2013/10/02,919.41 
2013/10/03,947.27 
2013/10/04,956.55 
2013/10/07,928.69 
2013/10/08,928.69 
2013/10/09,924.05 
2013/10/11,924.05 
2013/10/14,900.83 
2013/10/15,922.19 
2013/10/16,891.55 
2013/10/17,898.98 
2013/10/18,903.62 
2013/10/21,918.48 
2013/10/22,916.62 
2013/10/23,911.98 
2013/10/24,933.34 
2013/10/25,919.41 
2013/10/28,919.41 
2013/10/29,933.34 
2013/10/30,928.69 
2013/10/31,928.69 
2013/11/01,925.91 
2013/11/04,923.12 
2013/11/05,933.34 
2013/11/06,921.26 
2013/11/07,933.34 
2013/11/08,933.34 
2013/11/11,933.34 
2013/11/12,926.84 
2013/11/13,922.19 
2013/11/14,924.98 
2013/11/15,923.12 
2013/11/18,933.34 
2013/11/19,989.06 
2013/11/20,979.77 
2013/11/21,933.34 
2013/11/22,933.34 
2013/11/25,951.91 
2013/11/26,970.49 
2013/11/27,965.84 
2013/11/28,961.20 
2013/11/29,979.77 
2013/12/02,979.77 
2013/12/03,993.70 
2013/12/04,998.35 
2013/12/05,1002.99 
2013/12/06,1049.42 
2013/12/09,1026.21 
2013/12/10,1058.71 
2013/12/11,1086.57 
2013/12/12,1063.35 
2013/12/13,1044.78 
2013/12/16,1030.85 
2013/12/17,1068.00 
2013/12/18,1081.93 
2013/12/19,1063.35 
2013/12/20,1105.15 
2013/12/23,1123.72 
2013/12/24,1119.08 
2013/12/25,1109.79 
2013/12/26,1114.43 
2013/12/27,1114.43 
2013/12/30,1142.29 
2013/12/31,1128.36 
2014/01/02,1119.08 
2014/01/03,1128.36 
2014/01/06,1091.22 
2014/01/07,1095.86 
2014/01/08,1054.07 
2014/01/09,1049.42 
2014/01/10,1068.00 
2014/01/13,1068.00 
2014/01/14,1035.49 
2014/01/15,1105.15 
2014/01/16,1091.22 
2014/01/17,1123.72 
2014/01/20,1142.29 
2014/01/21,1160.87 
2014/01/22,1156.22 
2014/01/23,1100.50 
2014/01/24,1077.29 
2014/01/27,1081.93 
2014/02/05,1063.35 
2014/02/06,1068.00 
2014/02/07,1068.00 
2014/02/10,1081.93 
2014/02/11,1109.79 
2014/02/12,1128.36 
2014/02/13,1105.15 
2014/02/14,1100.50 
2014/02/17,1091.22 
2014/02/18,1081.93 
2014/02/19,1086.57 
2014/02/20,1081.93 
2014/02/21,1156.22 
2014/02/24,1156.22 
2014/02/25,1146.94 
2014/02/26,1225.88 
2014/02/27,1249.09 
2014/03/03,1281.60 
2014/03/04,1281.60 
2014/03/05,1290.88 
2014/03/06,1290.88 
2014/03/07,1272.31 
2014/03/10,1281.60 
2014/03/11,1276.95 
2014/03/12,1295.53 
2014/03/13,1300.17 
2014/03/14,1304.82 
2014/03/17,1281.60 
2014/03/18,1276.95 
2014/03/19,1314.10 
2014/03/20,1286.24 
2014/03/21,1253.74 
2014/03/24,1272.31 
2014/03/25,1272.31 
2014/03/26,1318.75 
2014/03/27,1332.68 
2014/03/28,1318.75 
2014/03/31,1337.32 
2014/04/01,1374.47 
2014/04/02,1416.26 
2014/04/03,1402.33 
2014/04/07,1388.40 
2014/04/08,1481.27 
2014/04/09,1523.06 
2014/04/10,1509.13 
2014/04/11,1518.41 
2014/04/14,1434.83 
2014/04/15,1471.98 
2014/04/16,1485.91 
2014/04/17,1485.91 
2014/04/18,1485.91 
2014/04/21,1495.20 
2014/04/22,1592.71 
2014/04/23,1569.49 
2014/04/24,1629.86 
2014/04/25,1741.30 
2014/04/28,1848.10 
2014/04/29,1801.67 
2014/04/30,1750.59 
2014/05/02,1820.24 
2014/05/05,1838.81 
2014/05/06,1857.39 
2014/05/07,1815.60 
2014/05/08,1797.02 
2014/05/09,1792.38 
2014/05/12,1801.67 
2014/05/13,1769.16 
2014/05/14,1764.52 
2014/05/15,1792.38 
2014/05/16,1778.45 
2014/05/19,1838.81 
2014/05/20,1820.24 
2014/05/21,1810.95 
2014/05/22,1843.46 
2014/05/23,1931.68 
2014/05/26,1885.25 
2014/05/27,1843.46 
2014/05/28,1871.32 
2014/05/29,1843.46 
2014/05/30,1820.24 
2014/06/03,1801.67 
2014/06/04,1838.81 
2014/06/05,1843.46 
2014/06/06,1899.18 
2014/06/09,1889.89 
2014/06/10,1917.75 
2014/06/11,1931.68 
2014/06/12,1913.11 
2014/06/13,1903.82 
2014/06/16,1889.89 
2014/06/17,1936.33 
2014/06/18,1903.82 
2014/06/19,2033.84 
2014/06/20,2029.20 
2014/06/23,2094.21 
2014/06/24,2052.41 
2014/06/25,2061.70 
2014/06/26,2075.63 
2014/06/27,2084.92 
2014/06/30,2210.29 
2014/07/01,2159.21 
2014/07/02,2163.86 
2014/07/03,2224.22 
2014/07/04,2201.00 
2014/07/07,2252.08 
2014/07/08,2266.01 
2014/07/09,2196.36 
2014/07/10,2303.16 
2014/07/11,2317.09 
2014/07/14,2377.46 
2014/07/15,2386.74 
2014/07/16,2447.11 
2014/07/17,2349.60 
2014/07/18,2210.29 
2014/07/21,2331.02 
2014/07/22,2317.09 
2014/07/24,2293.87 
2014/07/25,2136.00 
2014/07/28,2094.21 
2014/07/29,2145.28 
2014/07/30,2177.79 
2014/07/31,2163.86 
2014/08/01,2159.21 
2014/08/04,2228.87 
2014/08/05,2145.28 
2014/08/06,2159.21 
2014/08/07,2117.42 
2014/08/08,2219.58 
2014/08/11,2261.37 
2014/08/12,2256.73 
2014/08/13,2252.08 
2014/08/14,2224.22 
2014/08/15,2270.66 
2014/08/18,2224.22 
2014/08/19,2284.59 
2014/08/20,2266.01 
2014/08/21,2241.11 
2014/08/22,2302.19 
2014/08/25,2311.59 
2014/08/26,2396.16 
2014/08/27,2386.76 
2014/08/28,2363.27 
2014/08/29,2325.68 
2014/09/01,2358.57 
2014/09/02,2259.90 
2014/09/03,2259.90 
2014/09/04,2302.19 
2014/09/05,2269.30 
2014/09/09,2292.79 
2014/09/10,2297.49 
2014/09/11,2255.21 
2014/09/12,2114.26 
2014/09/15,2142.45 
2014/09/16,2118.95 
2014/09/17,2208.22 
2014/09/18,2217.62 
2014/09/19,2255.21 
2014/09/22,2198.83 
2014/09/23,2142.45 
2014/09/24,2128.35 
2014/09/25,1982.70 
2014/09/26,1963.91 
2014/09/29,2095.46 
2014/09/30,2048.48 
2014/10/01,2076.67 
2014/10/02,2133.05 
2014/10/03,2245.81 
2014/10/06,2227.02 
2014/10/07,2165.94 
2014/10/08,2137.75 
2014/10/09,2137.75 
2014/10/13,2137.75 
2014/10/14,2137.75 
2014/10/15,2081.37 
2014/10/16,2180.03 
2014/10/17,2029.69 
2014/10/20,2024.99 
2014/10/21,2020.29 
2014/10/22,1926.32 
2014/10/23,1902.83 
2014/10/24,1907.53 
2014/10/27,1832.35 
2014/10/28,1954.51 
2014/10/29,1992.10 
2014/10/30,1968.61 
2014/10/31,2006.19 
2014/11/03,2076.67 
2014/11/04,2029.69 
2014/11/05,1959.21 
2014/11/06,1888.73 
2014/11/07,2015.59 
2014/11/10,1987.40 
2014/11/11,1992.10 
2014/11/12,1954.51 
2014/11/13,1992.10 
2014/11/14,1996.80 
2014/11/17,1987.40 
2014/11/18,2001.49 
2014/11/19,2057.88 
2014/11/20,2198.83 
2014/11/21,2194.13 
2014/11/24,2165.94 
2014/11/25,2241.11 
2014/11/26,2278.70 
2014/11/27,2231.71 
2014/11/28,2241.11 
2014/12/01,2316.28 
2014/12/02,2231.71 
2014/12/03,2236.41 
2014/12/04,2255.21 
2014/12/05,2227.02 
2014/12/08,2147.14 
2014/12/09,2151.84 
2014/12/10,2118.95 
2014/12/11,2161.24 
2014/12/12,2184.73 
2014/12/15,2194.13 
2014/12/16,2114.26 
2014/12/17,2114.26 
2014/12/18,2128.35 
2014/12/19,2161.24 
2014/12/22,2184.73 
2014/12/23,2142.45 
2014/12/24,2137.75 
2014/12/25,2137.75 
2014/12/26,2175.33 
2014/12/27,2170.64 
2014/12/29,2250.51 
2014/12/30,2231.71 
2014/12/31,2250.51 
2015/01/05,2208.22 
2015/01/06,2137.75 
2015/01/07,2161.24 
2015/01/08,2222.32 
2015/01/09,2198.83 
2015/01/12,2180.03 
2015/01/13,2198.83 
2015/01/14,2208.22 
2015/01/15,2217.62 
2015/01/16,2241.11 
2015/01/19,2283.40 
2015/01/20,2400.85 
2015/01/21,2424.35 
2015/01/22,2466.63 
2015/01/23,2602.88 
2015/01/26,2593.49 
2015/01/27,2584.09 
2015/01/28,2584.09 
2015/01/29,2480.73 
2015/01/30,2480.73 
2015/02/02,2504.22 
2015/02/03,2593.49 
2015/02/04,2565.30 
2015/02/05,2593.49 
2015/02/06,2447.84 
2015/02/09,2494.82 
2015/02/10,2485.42 
2015/02/11,2527.71 
2015/02/12,2518.31 
2015/02/13,2541.80 
2015/02/24,2612.28 
2015/02/25,2588.79 
2015/02/26,2518.31 
2015/03/02,2494.82 
2015/03/03,2508.92 
2015/03/04,2494.82 
2015/03/05,2457.23 
2015/03/06,2569.99 
2015/03/09,2602.88 
2015/03/10,2499.52 
2015/03/11,2508.92 
2015/03/12,2523.01 
2015/03/13,2508.92 
2015/03/16,2494.82 
2015/03/17,2569.99 
2015/03/18,2584.09 
2015/03/19,2616.98 
2015/03/20,2593.49 
2015/03/23,2602.88 
2015/03/24,2598.18 
2015/03/25,2588.79 
2015/03/26,2523.01 
2015/03/27,2499.52 
2015/03/30,2476.03 
2015/03/31,2532.41 
2015/04/01,2569.99 
2015/04/02,2565.30 
2015/04/07,2588.79 
2015/04/08,2532.41 
2015/04/09,2508.92 
2015/04/10,2532.41 
2015/04/13,2541.80 
2015/04/14,2513.61 
2015/04/15,2579.39 
2015/04/16,2616.98 
2015/04/17,2640.47 
2015/04/20,2757.93 
2015/04/21,2767.33 
2015/04/22,2880.09 
2015/04/23,2955.26 
2015/04/24,2927.07 
2015/04/27,3006.94 
2015/04/28,3006.94 
2015/04/29,2931.77 
2015/04/30,2894.18 
2015/05/04,2997.54 
2015/05/05,3025.73 
2015/05/06,2959.96 
2015/05/07,2917.67 
2015/05/08,2931.77 
2015/05/11,2988.15 
2015/05/12,2922.37 
2015/05/13,2936.47 
2015/05/14,2922.37 
2015/05/15,2894.18 
2015/05/18,2941.16 
2015/05/19,3124.40 
2015/05/20,3129.10 
2015/05/21,3105.61 
2015/05/22,3251.25 
2015/05/25,3255.95 
2015/05/26,3251.25 
2015/05/27,3302.94 
2015/05/28,3241.86 
2015/05/29,3213.67 
2015/06/01,3246.56 
2015/06/02,3232.46 
2015/06/03,3246.56 
2015/06/04,3011.64 
2015/06/05,3058.62 
2015/06/08,3138.49 
2015/06/09,3058.62 
2015/06/10,3072.72 
2015/06/11,3152.59 
2015/06/12,3152.59 
2015/06/15,3058.62 
2015/06/16,3100.91 
2015/06/17,3157.29 
2015/06/18,3147.89 
2015/06/22,3241.86 
2015/06/23,3340.52 
2015/06/24,3364.02 
2015/06/25,3420.40 
2015/06/26,3368.71 
2015/06/29,3288.84 
2015/06/30,3312.33 
2015/07/01,3457.98 
2015/07/02,3481.47 
2015/07/03,3486.17 
2015/07/06,3411.00 
2015/07/07,3241.86 
2015/07/08,3082.11 
2015/07/09,3086.81 
2015/07/13,3194.87 
2015/07/14,3288.84 
2015/07/15,3194.87 
2015/07/16,3307.63 
2015/07/17,3218.37 
2015/07/20,3335.82 
2015/07/21,3335.82 
2015/07/22,3331.13 
2015/07/23,3105.61 
2015/07/24,3063.32 
2015/07/27,2903.58 
2015/07/28,3021.04 
2015/07/29,2912.97 
2015/07/30,2945.86 
2015/07/31,3011.64 
2015/08/03,2748.53 
2015/08/04,2790.82 
2015/08/05,2837.80 
2015/08/06,2555.90 
2015/08/07,2757.93 
2015/08/10,2804.91 
2015/08/11,2959.96 
2015/08/12,2790.82 
2015/08/13,2837.80 
2015/08/14,2781.42 
2015/08/17,2839.74 
2015/08/18,2863.65 
2015/08/19,2748.91 
2015/08/20,2725.01 
2015/08/21,2658.08 
2015/08/24,2562.46 
2015/08/25,2815.84 
2015/08/26,2753.69 
2015/08/27,2830.18 
2015/08/28,2868.43 
2015/08/31,2887.55 
2015/09/01,2849.31 
2015/09/02,2820.62 
2015/09/03,2739.35 
2015/09/04,2581.59 
2015/09/07,2490.75 
2015/09/08,2466.85 
2015/09/09,2705.88 
2015/09/10,2629.39 
2015/09/11,2691.54 
2015/09/14,2772.81 
2015/09/15,2624.61 
2015/09/16,2658.08 
2015/09/17,2782.38 
2015/09/18,2768.03 
2015/09/21,2667.64 
2015/09/22,2681.98 
2015/09/23,2619.83 
2015/09/24,2567.24 
2015/09/25,2610.27 
2015/09/30,2447.73 
2015/10/01,2361.67 
2015/10/02,2457.29 
2015/10/05,2371.23 
2015/10/06,2572.02 
2015/10/07,2557.68 
2015/10/08,2495.53 
2015/10/12,2581.59 
2015/10/13,2514.66 
2015/10/14,2438.16 
2015/10/15,2471.63 
2015/10/16,2471.63 
2015/10/19,2342.55 
2015/10/20,2309.09 
2015/10/21,2309.09 
2015/10/22,2342.55 
2015/10/23,2332.99 
2015/10/26,2442.95 
2015/10/27,2419.04 
2015/10/28,2399.92 
2015/10/29,2414.26 
2015/10/30,2423.82 
2015/11/02,2524.22 
2015/11/03,2624.61 
2015/11/04,2686.76 
2015/11/05,2811.06 
2015/11/06,2600.71 
2015/11/09,2505.09 
2015/11/10,2476.41 
2015/11/11,2380.80 
2015/11/12,2447.73 
2015/11/13,2399.92 
2015/11/16,2404.70 
2015/11/17,2471.63 
2015/11/18,2447.73 
2015/11/19,2552.90 
2015/11/20,2615.05 
2015/11/23,2595.93 
2015/11/24,2356.89 
2015/11/25,2399.92 
2015/11/26,2414.26 
2015/11/27,2395.14 
2015/11/30,2404.70 
2015/12/01,2485.97 
2015/12/02,2495.53 
2015/12/03,2438.16 
2015/12/04,2419.04 
2015/12/07,2289.96 
2015/12/08,2246.94 
2015/12/09,2203.91 
2015/12/10,2189.57 
2015/12/11,2218.25 
2015/12/14,2098.73 
2015/12/15,2055.71 
2015/12/16,2046.15 
2015/12/17,2132.20 
2015/12/18,2151.32 
2015/12/21,2184.79 
2015/12/22,2218.25 
2015/12/23,2132.20 
2015/12/24,2170.44 
2015/12/25,2194.35 
2015/12/28,2175.23 
2015/12/29,2156.10 
2015/12/30,2160.88 
2015/12/31,2170.44 
2016/01/04,2079.61 
2016/01/05,2017.46 
2016/01/06,1874.04 
2016/01/07,1749.74 
2016/01/08,1888.38 
2016/01/11,1850.14 
2016/01/12,1759.30 
2016/01/13,1878.82 
2016/01/14,1773.65 
2016/01/15,1931.41 
2016/01/18,1907.51 
2016/01/19,1936.19 
2016/01/20,1816.67 
2016/01/21,1945.75 
2016/01/22,1907.51 
2016/01/25,1984.00 
2016/01/26,2141.76 
2016/01/27,2065.27 
2016/01/28,2160.88 
2016/01/29,2270.84 
2016/01/30,2390.36 
2016/02/01,2246.94 
2016/02/02,2246.94 
2016/02/03,2246.94 
2016/02/15,2280.40 
2016/02/16,2457.29 
2016/02/17,2347.33 
2016/02/18,2356.89 
2016/02/19,2423.82 
2016/02/22,2442.95 
2016/02/23,2447.73 
2016/02/24,2442.95 
2016/02/25,2428.60 
2016/02/26,2423.82 
2016/03/01,2600.71 
2016/03/02,2619.83 
2016/03/03,2567.24 
2016/03/04,2638.95 
2016/03/07,2576.81 
2016/03/08,2519.44 
2016/03/09,2462.07 
2016/03/10,2452.51 
2016/03/11,2495.53 
2016/03/14,2505.09 
2016/03/15,2361.67 
2016/03/16,2476.41 
2016/03/17,2428.60 
2016/03/18,2447.73 
2016/03/21,2452.51 
2016/03/22,2485.97 
2016/03/23,2471.63 
2016/03/24,2433.38 
2016/03/25,2361.67 
2016/03/28,2328.21 
2016/03/29,2313.87 
2016/03/30,2466.85 
2016/03/31,2385.58 
2016/04/01,2399.92 
2016/04/06,2366.45 
2016/04/07,2404.70 
2016/04/08,2337.77 
2016/04/11,2376.02 
2016/04/12,2270.84 
2016/04/13,2299.52 
2016/04/14,2270.84 
2016/04/15,2356.89 
2016/04/18,2332.99 
2016/04/19,2275.62 
2016/04/20,2251.72 
2016/04/21,2256.50 
2016/04/22,2141.76 
2016/04/25,2074.83 
2016/04/26,2151.32 
2016/04/27,2141.76 
2016/04/28,2141.76 
2016/04/29,2170.44 
2016/05/03,2194.35 
2016/05/04,2180.01 
2016/05/05,2203.91 
2016/05/06,2232.59 
2016/05/09,2390.36 
2016/05/10,2419.04 
2016/05/11,2572.02 
2016/05/12,2524.22 
2016/05/13,2519.44 
2016/05/16,2457.29 
2016/05/17,2505.09 
2016/05/18,2505.09 
2016/05/19,2485.97 
2016/05/20,2529.00 
2016/05/23,2591.15 
2016/05/24,2557.68 
2016/05/25,2610.27 
2016/05/26,2567.24 
2016/05/27,2567.24 
2016/05/30,2634.17 
2016/05/31,2600.71 
2016/06/01,2705.88 
2016/06/02,2705.88 
2016/06/03,2729.79 
2016/06/04,2768.03 
2016/06/06,2763.25 
2016/06/07,2887.55 
2016/06/08,2868.43 
2016/06/13,2796.72 
2016/06/14,2882.77 
2016/06/15,2930.58 
2016/06/16,2825.40 
2016/06/17,2834.96 
2016/06/20,2854.09 
2016/06/21,2901.89 
2016/06/22,2916.24 
2016/06/23,2944.92 
2016/06/24,2772.81 
2016/06/27,2686.76 
2016/06/28,2782.38 
2016/06/29,2791.94 
2016/06/30,2815.84 
2016/07/01,2834.96 
2016/07/04,2854.09 
2016/07/05,2820.62 
2016/07/06,2734.57 
2016/07/07,2748.91 
2016/07/11,2858.87 
2016/07/12,3040.53 
2016/07/13,3035.75 
2016/07/14,2983.17 
2016/07/15,3279.57 
2016/07/18,3351.28 
2016/07/19,3298.69 
2016/07/20,3250.89 
2016/07/21,3236.54 
2016/07/22,3231.76 
2016/07/25,3193.52 
2016/07/26,3260.45 
2016/07/27,3360.84 
2016/07/28,3346.50 
2016/07/29,3270.01 
2016/08/01,3356.06 
2016/08/02,3427.77 
2016/08/03,3389.53 
2016/08/04,3432.55 
2016/08/05,3475.58 
2016/08/08,3647.69 
2016/08/09,3614.22 
2016/08/10,3652.47 
2016/08/11,3585.54 
2016/08/12,3633.34 
2016/08/15,3571.19 
2016/08/16,3609.44 
2016/08/17,3609.44 
2016/08/18,3554.49 
2016/08/19,3510.73 
2016/08/22,3505.87 
2016/08/23,3539.90 
2016/08/24,3535.04 
2016/08/25,3486.42 
2016/08/26,3539.90 
2016/08/29,3515.59 
2016/08/30,3486.42 
2016/08/31,3462.10 
2016/09/01,3603.12 
2016/09/02,3535.04 
2016/09/05,3598.25 
2016/09/06,3549.63 
2016/09/07,3617.70 
2016/09/08,3583.67 
2016/09/09,3505.87 
2016/09/10,3355.13 
2016/09/12,3233.57 
2016/09/13,3398.89 
2016/09/14,3496.14 
2016/09/19,3695.50 
2016/09/20,3714.95 
2016/09/21,3734.40 
2016/09/22,3671.19 
2016/09/23,3724.68 
2016/09/26,3661.47 
2016/09/29,3739.27 
2016/09/30,3676.05 
2016/10/03,3734.40 
2016/10/04,3802.48 
2016/10/05,3763.58 
2016/10/06,3700.37 
2016/10/07,3666.33 
2016/10/11,3578.80 
2016/10/12,3695.50 
2016/10/13,3627.43 
2016/10/14,3564.22 
2016/10/17,3593.39 
2016/10/18,3598.25 
2016/10/19,3607.98 
2016/10/20,3573.94 
2016/10/21,3607.98 
2016/10/24,3666.33 
2016/10/25,3612.84 
2016/10/26,3676.05 
2016/10/27,3612.84 
2016/10/28,3632.29 
2016/10/31,3632.29 
2016/11/01,3549.63 
2016/11/02,3471.83 
2016/11/03,3418.34 
2016/11/04,3398.89 
2016/11/07,3466.97 
2016/11/08,3437.79 
2016/11/09,3248.15 
2016/11/10,3447.52 
2016/11/11,3301.64 
2016/11/14,3189.80 
2016/11/15,3233.57 
2016/11/16,3291.92 
2016/11/17,3262.74 
2016/11/18,3403.75 
2016/11/21,3403.75 
2016/11/22,3413.48 
2016/11/23,3423.20 
2016/11/24,3418.34 
2016/11/25,3471.83 
2016/11/28,3520.45 
2016/11/29,3539.90 
2016/11/30,3588.53 
2016/12/01,3549.63 
2016/12/02,3510.73 
2016/12/05,3481.55 
2016/12/06,3573.94 
2016/12/07,3646.88 
2016/12/08,3646.88 
2016/12/09,3627.43 
2016/12/12,3632.29 
2016/12/13,3646.88 
2016/12/14,3632.29 
2016/12/15,3593.39 
2016/12/16,3646.88 
2016/12/19,3564.22 
2016/12/20,3520.45 
2016/12/21,3539.90 
2016/12/22,3501.00 
2016/12/23,3452.38 
2016/12/26,3471.83 
2016/12/27,3491.28 
2016/12/28,3622.57 
2016/12/29,3622.57 
2016/12/30,3685.78 
2017/01/03,3690.64 
2017/01/04,3676.05 
2017/01/05,3938.63 
2017/01/06,4031.02 
2017/01/09,3899.73 
2017/01/10,4021.29 
2017/01/11,4055.33 
2017/01/12,4123.40 
2017/01/13,4123.40 
2017/01/16,4133.13 
2017/01/17,4279.00 
2017/01/18,4322.77 
2017/01/19,4176.89 
2017/01/20,4269.28 
2017/01/23,4235.24 
2017/01/24,4327.63 
2017/02/02,4424.88 
2017/02/03,4366.53 
2017/02/06,4381.12 
2017/02/07,4356.80 
2017/02/08,4347.08 
2017/02/09,4483.23 
2017/02/10,4609.65 
2017/02/13,4575.62 
2017/02/14,4585.34 
2017/02/15,4565.89 
2017/02/16,4434.60 
2017/02/17,4405.43 
2017/02/18,4376.25 
2017/02/20,4371.39 
2017/02/21,4434.60 
2017/02/22,4551.30 
2017/02/23,4614.52 
2017/02/24,4434.60 
2017/03/01,4351.94 
2017/03/02,4361.67 
2017/03/03,4342.22 
2017/03/06,4376.25 
2017/03/07,4322.77 
2017/03/08,4317.90 
2017/03/09,4361.67 
2017/03/10,4381.12 
2017/03/13,4522.13 
2017/03/14,4517.27 
2017/03/15,4463.78 
2017/03/16,4536.72 
2017/03/17,4629.10 
2017/03/20,4590.20 
2017/03/21,4677.73 
2017/03/22,4609.65 
2017/03/23,4619.38 
2017/03/24,4658.28 
2017/03/27,4663.14 
2017/03/28,4604.79 
2017/03/29,4561.03 
2017/03/30,4561.03 
2017/03/31,4648.55 
2017/04/05,4687.45 
2017/04/06,4473.50 
2017/04/07,4570.75 
2017/04/10,4488.09 
2017/04/11,4395.70 
2017/04/12,4351.94 
2017/04/13,4288.73 
2017/04/14,4668.00 
2017/04/17,4648.55 
2017/04/18,4648.55 
2017/04/19,4590.20 
2017/04/20,4595.07 
2017/04/21,4740.94 
2017/04/24,4760.39 
2017/04/25,4833.33 
2017/04/26,4862.50 
2017/04/27,4872.23 
2017/04/28,4877.09 
2017/05/02,4862.50 
2017/05/03,4881.96 
2017/05/04,4833.33 
2017/05/05,4799.29 
2017/05/08,4799.29 
2017/05/09,4857.64 
2017/05/10,4809.02 
2017/05/11,4823.60 
2017/05/12,4750.67 
2017/05/15,4765.25 
2017/05/16,4736.08 
2017/05/17,4687.45 
2017/05/18,4721.49 
2017/05/19,4677.73 
2017/05/22,4765.25 
2017/05/23,4740.94 
2017/05/24,4726.35 
2017/05/25,4672.87 
2017/05/26,4702.04 
2017/05/31,4619.38 
2017/06/01,4585.34 
2017/06/02,4711.77 
2017/06/03,4721.49 
2017/06/05,4716.63 
2017/06/06,4658.28 
2017/06/07,4633.97 
2017/06/08,4643.69 
2017/06/09,4706.90 
2017/06/12,4672.87 
2017/06/13,4677.73 
2017/06/14,4565.89 
2017/06/15,4565.89 
2017/06/16,4599.93 
2017/06/19,4702.04 
2017/06/20,4711.77 
2017/06/21,4702.04 
2017/06/22,4755.53 
2017/06/23,4828.47 
2017/06/26,4862.50 
2017/06/27,4833.33 
2017/06/28,4726.35 
2017/06/29,4760.39 
2017/06/30,4716.63 
2017/07/03,4629.10 
2017/07/04,4638.83 
2017/07/05,4682.59 
2017/07/06,4833.33 
2017/07/07,4823.60 
2017/07/10,4950.03 
2017/07/11,5139.67 
2017/07/12,5280.68 
2017/07/13,5188.29 
2017/07/14,5027.83 
2017/07/17,5066.73 
2017/07/18,5300.13 
2017/07/19,5426.56 
2017/07/20,5426.56 
2017/07/21,5275.82 
2017/07/24,5334.17 
2017/07/25,5446.01 
2017/07/26,5343.89 
2017/07/27,5368.21 
2017/07/28,5295.27 
2017/07/31,5358.48 
2017/08/01,5348.76 
2017/08/02,5606.47 
2017/08/03,5548.12 
2017/08/04,5582.16 
2017/08/07,5538.39 
2017/08/08,5494.63 
2017/08/09,5387.66 
2017/08/10,5232.06 
2017/08/11,5411.97 
2017/08/14,5358.48 
2017/08/15,5446.01 
2017/08/16,5411.97 
2017/08/17,5449.84 
2017/08/18,5440.00 
2017/08/21,5474.44 
2017/08/22,5513.78 
2017/08/23,5587.56 
2017/08/24,5902.36 
2017/08/25,5902.36 
2017/08/28,5730.20 
2017/08/29,5636.75 
2017/08/30,5725.29 
2017/08/31,5735.12 
2017/09/01,5774.47 
2017/09/04,5749.88 
2017/09/05,5838.41 
2017/09/06,5799.06 
2017/09/07,5848.25 
2017/09/08,5872.84 
2017/09/11,5730.20 
2017/09/12,5764.63 
2017/09/13,5543.30 
2017/09/14,5558.05 
2017/09/15,5626.91 
2017/09/18,5725.29 
2017/09/19,5740.04 
2017/09/20,5597.40 
2017/09/21,5607.24 
2017/09/22,5277.69 
2017/09/25,5243.26 
2017/09/26,5031.76 
2017/09/27,5312.12 
2017/09/28,5282.61 
2017/09/29,5243.26 
2017/09/30,5287.53 
2017/10/02,5366.23 
2017/10/03,5454.76 
2017/10/05,5499.03 
2017/10/06,5400.66 
2017/10/11,5331.79 
2017/10/12,5543.30 
2017/10/13,5459.68 
2017/10/16,5681.02 
2017/10/17,5631.83 
2017/10/18,5503.95 
2017/10/19,5651.51 
2017/10/20,5484.27 
2017/10/23,5440.00 
2017/10/24,5499.03 
2017/10/25,5538.38 
2017/10/26,5474.44 
2017/10/27,5464.60 
2017/10/30,5636.75 
2017/10/31,5621.99 
2017/11/01,5685.94 
2017/11/02,5681.02 
2017/11/03,5887.60 
2017/11/06,5779.39 
2017/11/07,5789.23 
2017/11/08,5808.90 
2017/11/09,5661.34 
2017/11/10,5646.59 
2017/11/13,5607.24 
2017/11/14,5494.11 
2017/11/15,5538.38 
2017/11/16,5508.87 
2017/11/17,5464.60 
2017/11/20,5459.68 
2017/11/21,5425.25 
2017/11/22,5464.60 
2017/11/23,5444.92 
2017/11/24,5489.19 
2017/11/27,5243.26 
2017/11/28,5253.10 
2017/11/29,5154.72 
2017/11/30,5056.35 
2017/12/01,4928.47 
2017/12/04,4721.88 
2017/12/05,4653.02 
2017/12/06,4195.59 
2017/12/07,4230.02 
2017/12/08,4298.88 
2017/12/11,4357.91 
2017/12/12,4357.91 
2017/12/13,4328.39 
2017/12/14,4230.02 
2017/12/15,4111.97 
2017/12/18,4234.94 
2017/12/19,4111.97 
2017/12/20,4161.16 
2017/12/21,4062.79 
2017/12/22,4131.65 
2017/12/25,3934.90 
2017/12/26,3934.90 
2017/12/27,3743.08 
2017/12/28,3974.25 
2017/12/29,3954.58 
2018/01/02,4185.75 
2018/01/03,4077.54 
2018/01/04,4067.71 
2018/01/05,4033.28 
2018/01/08,3866.04 
2018/01/09,3684.05 
2018/01/10,3713.57 
2018/01/11,3669.30 
2018/01/12,4033.28 
2018/01/15,3964.42 
2018/01/16,3934.90 
2018/01/17,3915.23 
2018/01/18,3920.15 
2018/01/19,3934.90 
2018/01/22,3934.90 
2018/01/23,3900.47 
2018/01/24,3728.32 
2018/01/25,3728.32 
2018/01/26,3816.86 
2018/01/29,3969.33 
2018/01/30,3989.01 
2018/01/31,3939.82 
2018/02/01,4013.60 
2018/02/02,3915.23 
2018/02/05,3738.16 
2018/02/06,3364.34 
2018/02/07,3595.52 
2018/02/08,3664.38 
2018/02/09,3516.82 
2018/02/12,3620.11 
2018/02/21,3885.72 
2018/02/22,3782.43 
2018/02/23,3885.72 
2018/02/26,3718.48 
2018/02/27,3634.87 
2018/03/01,3836.53 
2018/03/02,3807.02 
2018/03/05,3639.79 
2018/03/06,3595.52 
2018/03/07,3629.95 
2018/03/08,3654.54 
2018/03/09,3797.18 
2018/03/12,3890.64 
2018/03/13,3979.17 
2018/03/14,3895.55 
2018/03/15,3723.40 
2018/03/16,3629.95 
2018/03/19,3649.62 
2018/03/20,3497.15 
2018/03/21,3590.60 
2018/03/22,3536.49 
2018/03/23,3344.67 
2018/03/26,3443.04 
2018/03/27,3364.34 
2018/03/28,3310.24 
2018/03/29,3261.05 
2018/03/30,3275.81 
2018/03/31,3295.48 
2018/04/02,3133.17 
2018/04/03,3133.17 
2018/04/09,2951.18 
2018/04/10,3197.11 
2018/04/11,3177.44 
2018/04/12,3246.30 
2018/04/13,3403.69 
2018/04/16,3492.23 
2018/04/17,3521.74 
2018/04/18,3467.63 
2018/04/19,3433.20 
2018/04/20,3364.34 
2018/04/23,3202.03 
2018/04/24,3167.60 
2018/04/25,3197.11 
2018/04/26,3241.38 
2018/04/27,3211.87 
2018/04/30,3423.37 
2018/05/02,3639.79 
2018/05/03,3625.03 
2018/05/04,3580.76 
2018/05/07,3934.90 
2018/05/08,3925.07 
2018/05/09,3934.90 
2018/05/10,3915.23 
2018/05/11,4008.68 
2018/05/14,4136.57 
2018/05/15,4023.44 
2018/05/16,3984.09 
2018/05/17,3856.21 
2018/05/18,3944.74 
2018/05/21,3974.25 
2018/05/22,3915.23 
2018/05/23,3856.21 
2018/05/24,3934.90 
2018/05/25,3929.99 
2018/05/28,4018.52 
2018/05/29,4185.75 
2018/05/30,4131.65 
2018/05/31,4033.28 
2018/06/01,4175.92 
2018/06/04,4343.15 
2018/06/05,4377.58 
2018/06/06,4549.73 
2018/06/07,4569.41 
2018/06/08,4471.03 
2018/06/11,4475.95 
2018/06/12,4367.74 
2018/06/13,4653.02 
2018/06/14,4544.81 
2018/06/15,4515.30 
2018/06/19,4279.21 
2018/06/20,4333.31 
2018/06/21,4421.85 
2018/06/22,4298.88 
2018/06/25,4367.74 
2018/06/26,4451.36 
2018/06/27,4289.05 
2018/06/28,4289.05 
2018/06/29,4416.93 
2018/07/02,4485.79 
2018/07/03,4456.28 
2018/07/04,4377.58 
2018/07/05,4466.12 
2018/07/06,4530.06 
2018/07/09,4839.93 
2018/07/10,4761.23 
2018/07/11,4721.88 
2018/07/12,4849.77 
2018/07/13,4957.98 
2018/07/16,4957.98 
2018/07/17,4913.71 
2018/07/18,4938.30 
2018/07/19,4972.73 
2018/07/20,5184.24 
2018/07/23,5090.78 
2018/07/24,5115.38 
2018/07/25,5139.97 
2018/07/26,5115.38 
2018/07/27,5174.40 
2018/07/30,5095.70 
2018/07/31,5066.19 
2018/08/01,4967.82 
2018/08/02,4923.55 
2018/08/03,5046.51 
2018/08/06,5046.51 
2018/08/07,4933.39 
2018/08/08,4977.65 
2018/08/09,5017.00 
2018/08/10,4997.33 
2018/08/13,4554.65 
2018/08/14,4554.65 
2018/08/15,4382.50 
2018/08/16,4520.00 
2018/08/17,4430.00 
2018/08/20,4590.00 
2018/08/21,4700.00 
2018/08/22,4490.00 
2018/08/23,4485.00 
2018/08/24,4505.00 
2018/08/27,4615.00 
2018/08/28,4765.00 
2018/08/29,4760.00 
2018/08/30,4745.00 
2018/08/31,4705.00 
2018/09/03,4690.00 
2018/09/04,4890.00 
2018/09/05,4890.00 
2018/09/06,4640.00 
2018/09/07,4730.00 
2018/09/10,4360.00 
2018/09/11,4340.00 
2018/09/12,4210.00 
2018/09/13,4110.00 
2018/09/14,4405.00 
2018/09/17,4285.00 
2018/09/18,3860.00 
2018/09/19,3865.00 
2018/09/20,3800.00 
2018/09/21,3870.00 
2018/09/25,3730.00 
2018/09/26,3770.00 
2018/09/27,3780.00 
2018/09/28,3635.00 
2018/10/01,3740.00 
2018/10/02,3790.00 
2018/10/03,3720.00 
2018/10/04,3710.00 
2018/10/05,3440.00 
2018/10/08,3510.00 
2018/10/09,3590.00 
2018/10/11,3235.00 
2018/10/12,3555.00 
2018/10/15,3480.00 
2018/10/16,3330.00 
2018/10/17,3330.00 
2018/10/18,3315.00 
2018/10/19,3415.00 
2018/10/22,3505.00 
2018/10/23,3335.00 
2018/10/24,3385.00 
2018/10/25,3290.00 
2018/10/26,3210.00 
2018/10/29,3295.00 
2018/10/30,3165.00 
2018/10/31,3350.00 
2018/11/01,3335.00 
2018/11/02,3525.00 
2018/11/05,3435.00 
2018/11/06,3220.00 
2018/11/07,3280.00 
2018/11/08,3200.00 
2018/11/09,3080.00 
2018/11/12,3050.00 
2018/11/13,3200.00 
2018/11/14,3190.00 
